Photo/User1/Photo1.png;0
Photo/User1/Photo2.png;0
Photo/User1/Photo3.png;0
Photo/User1/Photo4.png;0
Photo/User1/Photo5.png;0
Photo/User1/Photo6.png;0
Photo/User1/Photo7.png;0
Photo/User1/Photo8.png;0
Photo/User1/Photo9.png;0
Photo/User1/Photo10.png;0
Photo/User1/Photo11.png;0
Photo/User1/Photo12.png;0
Photo/User1/Photo13.png;0
Photo/User1/Photo14.png;0
Photo/User1/Photo15.png;0
Photo/User1/Photo16.png;0
Photo/User1/Photo17.png;0
Photo/User1/Photo18.png;0
Photo/User1/Photo19.png;0
Photo/User1/Photo20.png;0
Photo/User1/Photo21.png;0
Photo/User1/Photo22.png;0
Photo/User1/Photo23.png;0
